{"cameraMode":{"drawMode":0,"name":"Shaded","section":"Shading Mode"},"sceneLighting":false,"audioPlay":false,"sceneViewState":{"m_AlwaysRefresh":false,"showFog":true,"showSkybox":false,"showFlares":true,"showImageEffects":true,"showParticleSystems":true,"showVisualEffectGraphs":true,"m_FxEnabled":true},"in2DMode":false,"pivot":{"x":0.000003427267074584961,"y":0.0685545802116394,"z":-0.13764473795890809},"rotation":{"x":-0.14700239896774293,"y":0.842129111289978,"z":-0.28592216968536379,"w":-0.43297624588012698},"size":0.597297191619873,"orthographic":false}